raw_content,gold,xlm_pred,mbert_pred,vader_trans,error_cats
"Ise kehte hai nada dhila ho jana""@PTI_News: Sports Ministry asks NADA to carry out test on boxer Vijender Singh.""",negative,neutral,negative,neutral,other
WATCH: Harmanpreet Kaur ramps up seven outrageous sixes enroute to her unbeaten 171 vs Australia https://t.co/qBuo0NhaQZ,positive,negative,negative,negative,other
Video shoot of Pappu 😂🤭 https://t.co/jjDz9AzrXw,neutral,neutral,positive,positive,emoji_dependent
Suspension of Sarita Devi has created grave concern among people of my country &amp; sportspersons: Sports Min Sarbananda Sonowal writes to AIBA,positive,negative,negative,negative,other
"#WrestlerProtest | The Rouse Avenue Court in Delhi to hear the case on the charge sheet filed in the #BrijBhushanSharanSingh matter on Tuesday.

Click on the 🔗 to read more: https://t.co/rkKzfq5gxe

#WFI #SakshiMalik #protest #DelhiPolice #ABPLive https://t.co/AuaBoGruYu",negative,neutral,negative,negative,emoji_dependent|long_complex
"@crpfindia Not Saheed SI Sunil kumar verma
It is Saheed SI Sushil Kumar verma",negative,neutral,negative,neutral,other
"Cricketer Harmanpreet Kaur as DSP of Punjab Police: Captain

Chandigarh:The Punjab cabinet on Thursday approved th… https://t.co/U1oBCAPHoH https://t.co/u9a719O1oK",positive,neutral,negative,positive,other
"Sushil Kumar biography: 13 things about Indian wrestler born in Baprola, Najafgarh, Delhi https://t.co/P3QQJ7WeyJ",neutral,neutral,positive,neutral,other
"I appeal to the entire country to be behind suspended boxer Sarita Devi: Sachin Tendulkar

http://t.co/9VZl3vB3Nl",positive,neutral,negative,negative,other
"Wrestler Sushil Kumar, wanted in a murder case, arrested by Delhi Police https://t.co/jshqSY5E8T",negative,neutral,negative,negative,other
"That is why he has achieved heights in cricket,born great virat Kohli. 
Attacking someone over their religion is the most pathetic thing to do: Kohli

Click here to view more : https://t.co/F6CJ9ejDDn",positive,negative,negative,negative,long_complex
World cup to hara h humne pr me to uske sath apna dil bi haar gya #HarmanPreetKaur ne Dil chura liya By 171* nd 51 . Love u kaur ji,positive,positive,negative,positive,other
"31 अक्टूबर को खेला जाएगा अहम मुकाबला
#T20WC #INDvsNZ #ViratKohli
https://t.co/iQP4ZA11CN",neutral,neutral,positive,positive,code_mixed
#BreakingNow - Boxer Vijender Singh's samples test negative for heroin. NADA had conducted heroin test on Vijender,positive,negative,negative,negative,other
India Olympic boxer takes dope test: India's Olympics medal-winning boxer Vijender Singh takes a dope test after charges that he took...,neutral,positive,negative,negative,neutral_misclassified
"When I first heard Vijender Singh was linked to 130 kg heroin, i thought it was Sonakshi Sinha. Later I realised it was heroin not heroine!!",positive,neutral,negative,negative,other
@umang_g @PradipG05843542 @bidishapsgs @SakshiMalik @Phogat_Vinesh Lot of factors to come to thus decision by them,neutral,neutral,positive,neutral,other
"* Will Hardik Pandya be persisted with? 
* Will Shardul Thakur, Ishan Kishan and Ravichandran Ashwin get a game?

#ViratKohli #INDvNZ  #NewZealand #KaneWilliamson #HardikPandya #Shardulthakur #T20WorldCup #T20WorldCup21 #CricketTwitter 

https://t.co/WEtzAmY4t7",neutral,neutral,negative,neutral,other
A little bit late IMO. RT @FirstpostSports: Sports Minister pleads with AIBA to revoke Sarita Devi ban http://t.co/JxETKvj4C5,positive,neutral,neutral,negative,other
@UPTakOfficial @SakshiMalik Ye to social  media se break le rahe the 😂😂,negative,neutral,negative,neutral,emoji_dependent
"#INDvENG #WWC17 

England should avoid bowling spin to Harmanpreet Kaur, says Nasser Hussain

https://t.co/gL8j1ovX45",positive,neutral,negative,negative,other
"Delhi Police has announced a reward of Rs. 1 Lakh for the information of Wrestler Sushil kumar.
@DelhiPolice @police_haryana @BJP4India @INCIndia #olmypics #wrestler #murder @AAPDelhi #games https://t.co/41upNSoV0y",negative,neutral,negative,negative,other
"🚆 Exciting news for travelers! Introducing IRCTC HDFC Bank Credit Card 🎫

Apply Here: https://t.co/PAWHUsZ0LE
💳 Welcome voucher worth Rs 500 on activation
🎟️ 5 Reward points for every Rs 100 spent on IRCTC & Rail Connect App
💰 Extra 5% Cashback on train ticket bookings via HDFC Bank SmartBuy
🔗 Link your Credit Card to UPI for seamless transactions! #IRCTC #HDFCBank #CreditCard #TravelRewards 🛤️🎉",neutral,neutral,positive,positive,emoji_dependent|long_complex
"#WrestlerProtests : रेसलर बबीता फोगाट ने पहलवानों के आरोप पर दिया बयान..

#babitaphogat #SakshiMalik #bajrangpunia #JantaTv https://t.co/b7epzPmWGB",neutral,neutral,negative,neutral,code_mixed
"Avoid Bowling Spin To Harmanpreet Kaur, Nasser Hussain Advises England - https://t.co/wkopVxT1U1 https://t.co/szJHYFF1er",neutral,neutral,negative,negative,sarcasm_irony
"My suggestion ""drop mahi"" and let Virat Kohli play his natural game and captiancy style. The agression was missing in the last match. We need that to win matches. #INDvNZ #Dhoni #ViratKohli",positive,negative,negative,positive,long_complex
@Aakar__Patel @imVkohli Virat Kohli speaking starts a news cycle too. Shammi wont be complaining.,negative,neutral,positive,positive,other
Harmanpreet Kaur likely to miss Kia Super League in England due to a shoulder injury… https://t.co/MvZo03vyJL,negative,negative,neutral,negative,other
The #VijenderSingh case once again exposes the financial disparity in Indian sport. If he were a cricketer he could have afforded cocaine:-7,negative,negative,positive,negative,other
"Now that’s called captaincy and leadership. Strong and clear, no nonsense statement in support of Md Shami. That’s how you shut down a communal narrative.   #ViratKohli",positive,negative,positive,positive,other
"This remind me the words of the then HM. hon sushil kumar shinde
""Safron terrorism"" This is the perfect example",negative,positive,positive,negative,other
फ्लाईट से #MSDhoni  का वीडियो हुआ वायरल गेम खेलते नजर आये धोनी एयरहोस्टेस  ने धोनी को दिया चॉकलेट और पकडे एक चिट्ठी साथ में साक्षी धोनी भी आई नजर..  #ViralVideos #MSDhoni𓃵  #SakshiMalik #asiannews #IPL #CricketTwitter #airhostess https://t.co/3zeahPtVUT,neutral,neutral,negative,positive,code_mixed|long_complex
Boxer Vijender Singh's drug test report expected today http://t.co/JJNhn3icCu,neutral,neutral,positive,neutral,other
"106/2 27 Overs
Need 123 To Win Off 23 Overs.

Harmanpreet Kaur 39(60) &amp; Punam Raut 45(69) Batting Sensibly🙏🏾
#INDvENG #INDvsENG #WWC17Final",positive,positive,negative,positive,emoji_dependent
"💬🇩🇪 Do you want to #LearnGerman?

❗💡 Here's everything you need to know about:

👍 Tips for learning
💬 German you need ...
🏗️ 📘 ... at work or at university ...

... and all kinds of different German #vocabulary.

#GermanLanguage #Languagelearning
https://t.co/MK3O1GAPWn",neutral,neutral,positive,positive,emoji_dependent|long_complex
"ہور کچھ میرے لائق، نام یاد رکھیے گا، آصف علی

Hor Kch Mere Laik ? Remember The Name Asif Ali | Babar Azam Ne Virat Kohli Ko Pechy Chor Dia 

#PublicNewsLive #PublicNews  
#PakvsAfg  #CongratulationsPakistan, #MehngaPakistanNaManzoor 
#AsifAli #T20WorldCup https://t.co/zgicOSrjol",negative,positive,negative,neutral,long_complex
@BCCI @ICC @BBCHindi @BBCWorld @BBCBreaking @cnnbrk @cnni @khaleejtimes @ndtvindia @ANI @prempratap04 @cricketworldcup #Cricket Virat Kohli #INDvNZ,neutral,neutral,negative,neutral,other
"Delhi Police has informed a court that the supplementary charge sheet in the Chhatrasal Stadium murder case involving Olympic medallist wrestler Sushil Kumar will be filed soon

https://t.co/m52PpJqzWD",negative,neutral,negative,negative,other
"#T20WorldCup : पाकिस्तान ने शुक्रवार को दुबई में खेले गए #PakvsAfg मुकाबले में जीत दर्ज कर सीरीज़ में लगातार तीसरी जीत अपने नाम की। इस जीत में कप्तान #BabarAzam ने 51 रन बनाए और भारतीय कप्तान #ViratKohli का रिकॉर्ड तोड़ते हुए टी20 इंटरनेशनल में 1000 रन पूरे किए।
#NewsTakCard https://t.co/2kyJV19kRz",positive,positive,neutral,positive,code_mixed|long_complex
2022 में ब्रजभूषण की प्रशंसा कर रही थी 2023 में धरने पर बेठ गयी नौटंकी @SakshiMalik  यदि कई वर्षों से दुष्कर्म कर रहा हें ब्रजभूषण तो 2022 में उसकी प्रशंसा क्यों कर रही थी https://t.co/5GHYy6RjbU,negative,negative,neutral,positive,code_mixed|long_complex
"A cricket lover in #Rawalpindi - @msdhoni fan in the stadium during a domestic match - nobody labelled him a traitor, this is what cricket teaches us. Love, respect and peace! https://t.co/vVtnSbQoQk",positive,negative,positive,positive,long_complex
"@IndianBoxOff Applying same logic as yours, Top 8 Indian batsmen of all time (batting skills wise):

1. Ashish Nehra
2. Sachin Tendulkar
3. MS Dhoni
4. Rishabh Pant
5. Virat Kohli
6. Rohit Sharma
7. Virender Sehwag
8. Kapil Dev",positive,neutral,positive,positive,long_complex
"Pamer Lekuk Tubuh, Pesona Sakshi Malik Bikin Jatuh Hati https://t.co/KZekXf0zWk",positive,positive,negative,positive,other
Cricketer Harmanpreet Kaur Offered DSP Post By Punjab Chief Minister Amarinder Singh {EVERY SHOT YIELDED RESULT}https://t.co/fqEFnNj2cm,positive,neutral,negative,neutral,other
@Shailendra97S @Phogat_Vinesh @BajrangPunia @SakshiMalik Panchayat me kaun ayega Rakesh tikait 🤣🤣🤣wo insaaf krega ab 😃😃,negative,neutral,negative,positive,emoji_dependent
"Government writes to AIBA, requests leniency for Sarita Devi:  http://t.co/SbdboCh4bd",positive,neutral,negative,neutral,sarcasm_irony
India Olympic boxer takes dope test: India's Olympics medal-winning boxer Vijender Singh takes a dope test aft... http://t.co/7K2Y5MbRBh,negative,positive,negative,neutral,other
@RCBTweets @CoachHesson Happy Birthday Sir management sir please Sold Now'Ander Fletcher Best'man opener man And M start Ky jomesan Sold And Return RCB Teames Virat Kohli 2 AB DE Villiers Big Boss Spider man🕷️🕷️🕷️🕷️ Gelan Maxwell Divdat Padikal retain RCB Teames,positive,positive,negative,positive,emoji_dependent|long_complex
Boxer Vijender Singh should be in lab for 24 hours: Cops http://t.co/DofaI0BwNb,negative,neutral,negative,neutral,other
"సచిన్ టెండూల్కర్ చొరవతోనే.. 
https://t.co/kKOFbI2Q6k
#HarmanpreetKaur #DianaEdulji https://t.co/rUWG566HuH",positive,neutral,positive,neutral,other
